week,focus,what_we_did,evidence_shown,next_decision
1,Opening exploration,"Established the first eight-function benchmark and preserved every submitted coordinate and returned value","The functions differed sharply in scale and response; one common search rule was unsuitable","Begin function-specific exploration and exploitation"
2,Function-specific strategy,"Compared Week 2 with the opening results; exploited the strong F5 direction while allowing weaker functions more exploration","F5 supplied the clearest exploitation signal; several other functions still lacked a reliable direction","Separate strong local refinement from broader investigation"
3,Ranking and movement,"Ranked the functions for attention but used week-to-week change and coordinate movement as the more important decision evidence","F5 continued to reward exploitation; local movement reversed gains in several other functions","Use a more cautious function-specific Week 4 strategy"
4,Selective refinement,"Protected the strongest F5 trajectory; refined positive regions carefully and continued gathering information for uncertain functions","Some functions rewarded local movement while others remained weak or unstable","Continue productive directions but avoid forcing the same step across all functions"
5,Reassessment after deterioration,"Protected the clear F5 gain; retained cautious work around F7 and F8; reassessed directions that had weakened","F2 showed that recovery could be temporary and F4 showed the cost of repeated movement in an unproductive region","Introduce more explicit reassessment after deterioration"
6,Validation and selective attention,"Ran a separate validation experiment; prioritised F5 and F2 for refinement while reconsidering F3 F4 and F6","The strategy needed to change when the evidence changed; a limited query budget made uniform optimisation inefficient","Balance local refinement with protection against premature convergence"
7,Responsive redirection,"Kept F5 as the main exploitation target; followed improved directions for F3 F4 and F6; reassessed F2","F2 warned against assuming that a previous gain would continue; F4 showed the value of changing direction","Respond to the newest evidence rather than historical ranking alone"
8,Selective continuation,"Continued the productive F5 F2 and F7 regions while reducing commitment to weakening F3 and F4 directions","F5 F2 and F7 strengthened; continuing the same move for F3 and F4 was less defensible","Prepare a more selective Week 9 portfolio"
9,Transparency and repeatability,"Added the datasheet model card assumptions validation record and decision documentation; introduced an explicit repeatability test","F5 continued rising; several positive functions declined without eliminating their broader local structure","Use a more selective Week 10 strategy and preserve strong historical points"
10,Clustering and regional recovery,"Compared recurring regions local distances stability and plateaus; tuned KMeans k=2 versus k=3 with n_init=50 and random_state=42","F5 had the clearest high-performing region; F2 F7 and F8 showed useful local structure; F1 lacked a reliable productive cluster","Choose Week 11 queries by recovery refinement confirmation or boundary testing"
11,PCA and method comparison,"Tested the Week 10 regional strategy; applied centred PCA after the outputs were known and compared it with direct objective history","All eight functions improved from Week 10; PCA described query-path concentration but not the hidden objective gradient","Use PCA only where it agreed with objective evidence when selecting Week 12"
12,Outcome validation and final preparation,"Tested confirmed-point repetition local refinement historical recovery and PCA-consistent boundary movement; updated the PCA record","No function deteriorated from Week 11; repeated coordinates exposed both repeatability and Function 6 response variation","Prepare a function-specific final round with controlled risk"
13,Final evaluation and sequential-decision reflection,"Balanced retention small local moves boundary refinement and repeatability checks; reviewed the sequence through bandit MDP and Q-learning concepts","F3 F5 and F6 produced new best values; F2 showed that a tiny further move could reverse a gain; several earlier winners were confirmed","Stop the assessed search and move to retrospective evaluation"
