condition,arm,runs,median_accuracy,mean_accuracy,minimum_accuracy,maximum_accuracy,sd_accuracy,mean_balanced_accuracy,mean_macro_f1,mean_log_loss,mean_brier,mean_active_models,mean_specialist_activation
high_dimensional_sparse,A_DMIC_gated_specialist,5,0.5866666666666667,0.6106666666666667,0.55,0.6966666666666667,0.057174197754659296,0.6105059187815755,0.6098448459273775,0.6408785369010237,0.4506403902339716,3.9659999999999997,0.966
high_dimensional_sparse,reference_residual,5,0.5733333333333334,0.6053333333333334,0.56,0.69,0.05640133962160038,0.6053323555120969,0.6048842851215135,0.65661329321375,0.46465578731251267,3.0,0.0
high_dimensional_sparse,targeted_specialist_full,5,0.5866666666666667,0.6106666666666667,0.55,0.6966666666666667,0.057174197754659296,0.6105059187815755,0.6098448459273775,0.640732604536211,0.4506044110248723,4.0,1.0
noisy_missing_binary,A_DMIC_gated_specialist,5,0.8033333333333333,0.7906666666666666,0.76,0.8066666666666666,0.021265517210315443,0.7906583074837044,0.7905351281796922,0.48557773738386123,0.3120363730431144,3.0,0.0
noisy_missing_binary,reference_residual,5,0.8033333333333333,0.7906666666666666,0.76,0.8066666666666666,0.021265517210315443,0.7906583074837044,0.7905351281796922,0.48557773738386123,0.3120363730431144,3.0,0.0
noisy_missing_binary,targeted_specialist_full,5,0.8033333333333333,0.7906666666666666,0.76,0.8066666666666666,0.021265517210315443,0.7906583074837044,0.7905351281796922,0.48557773738386123,0.3120363730431144,4.0,1.0
temporal_drift_binary,A_DMIC_gated_specialist,5,0.6033333333333334,0.5986666666666667,0.57,0.6166666666666667,0.019090428084368505,0.6966777729492107,0.59576367119533,0.7548996667312045,0.5242911605874808,3.4,0.4
temporal_drift_binary,reference_residual,5,0.5766666666666667,0.5780000000000001,0.5333333333333333,0.61,0.029116623735896584,0.6793829608650276,0.5759130675912559,0.7603687550698643,0.5307362009696078,3.0,0.0
temporal_drift_binary,targeted_specialist_full,5,0.6033333333333334,0.5986666666666667,0.57,0.6166666666666667,0.019090428084368505,0.6966777729492107,0.59576367119533,0.762141372188519,0.533042121517217,4.0,1.0
