Week,Function,Dimension,Input_1,Input_2,Input_3,Input_4,Input_5,Input_6,Input_7,Input_8,Output,Source
1,1,2,0.740000,0.740000,,,,,,,6.854713532414845e-19,Strategic_Optimisation_Engine_v1 exact history
1,2,2,0.720000,0.940000,,,,,,,0.45494185399727516,Strategic_Optimisation_Engine_v1 exact history
1,3,3,0.530000,0.640000,0.250000,,,,,,-0.10183633971746164,Strategic_Optimisation_Engine_v1 exact history
1,4,4,0.600000,0.430000,0.420000,0.250000,,,,,-4.359874926582439,Strategic_Optimisation_Engine_v1 exact history
1,5,4,0.210000,0.870000,0.900000,0.900000,,,,,1415.8763939603884,Strategic_Optimisation_Engine_v1 exact history
1,6,5,0.750000,0.180000,0.700000,0.720000,0.040000,,,,-0.7001549808025808,Strategic_Optimisation_Engine_v1 exact history
1,7,6,0.050000,0.500000,0.250000,0.220000,0.420000,0.740000,,,1.3199939052019112,Strategic_Optimisation_Engine_v1 exact history
1,8,8,0.060000,0.070000,0.030000,0.040000,0.410000,0.820000,0.500000,0.910000,9.58024,Strategic_Optimisation_Engine_v1 exact history
2,1,2,0.300000,0.300000,,,,,,,6.659572754640724e-23,Strategic_Optimisation_Engine_v1 exact history
2,2,2,0.760000,0.900000,,,,,,,0.41213721316888097,Strategic_Optimisation_Engine_v1 exact history
2,3,3,0.750000,0.250000,0.750000,,,,,,-0.1332555781557258,Strategic_Optimisation_Engine_v1 exact history
2,4,4,0.200000,0.800000,0.800000,0.800000,,,,,-23.120154471959825,Strategic_Optimisation_Engine_v1 exact history
2,5,4,0.180000,0.900000,0.950000,0.950000,,,,,2308.1487028593933,Strategic_Optimisation_Engine_v1 exact history
2,6,5,0.250000,0.750000,0.300000,0.300000,0.800000,,,,-2.0702463923015775,Strategic_Optimisation_Engine_v1 exact history
2,7,6,0.080000,0.550000,0.300000,0.250000,0.450000,0.780000,,,1.0696579739950232,Strategic_Optimisation_Engine_v1 exact history
2,8,8,0.080000,0.080000,0.050000,0.050000,0.450000,0.850000,0.550000,0.950000,9.5241,Strategic_Optimisation_Engine_v1 exact history
3,1,2,0.600000,0.600000,,,,,,,0.025559285339829783,Strategic_Optimisation_Engine_v1 exact history
3,2,2,0.800000,0.920000,,,,,,,0.14098828808535324,Strategic_Optimisation_Engine_v1 exact history
3,3,3,0.200000,0.800000,0.200000,,,,,,-0.12787021171886992,Strategic_Optimisation_Engine_v1 exact history
3,4,4,0.800000,0.200000,0.200000,0.200000,,,,,-14.554028542475695,Strategic_Optimisation_Engine_v1 exact history
3,5,4,0.170000,0.920000,0.970000,0.970000,,,,,2840.9903787629305,Strategic_Optimisation_Engine_v1 exact history
3,6,5,0.700000,0.200000,0.700000,0.700000,0.200000,,,,-0.648848297397347,Strategic_Optimisation_Engine_v1 exact history
3,7,6,0.100000,0.580000,0.320000,0.270000,0.470000,0.800000,,,0.8966026942687082,Strategic_Optimisation_Engine_v1 exact history
3,8,8,0.040000,0.040000,0.040000,0.040000,0.470000,0.880000,0.580000,0.970000,9.44296,Strategic_Optimisation_Engine_v1 exact history
4,1,2,0.700000,0.700000,,,,,,,1.4754580129542488e-07,Strategic_Optimisation_Engine_v1 exact history
4,2,2,0.680000,0.960000,,,,,,,0.5228458934672892,Strategic_Optimisation_Engine_v1 exact history
4,3,3,0.850000,0.150000,0.850000,,,,,,-0.06037987403160633,Strategic_Optimisation_Engine_v1 exact history
4,4,4,0.900000,0.100000,0.100000,0.100000,,,,,-22.55187651826871,Strategic_Optimisation_Engine_v1 exact history
4,5,4,0.160000,0.940000,0.980000,0.980000,,,,,3238.333368768757,Strategic_Optimisation_Engine_v1 exact history
4,6,5,0.800000,0.150000,0.800000,0.800000,0.150000,,,,-0.8733671274789931,Strategic_Optimisation_Engine_v1 exact history
4,7,6,0.060000,0.520000,0.280000,0.240000,0.440000,0.760000,,,1.1968303712356705,Strategic_Optimisation_Engine_v1 exact history
4,8,8,0.070000,0.070000,0.050000,0.050000,0.440000,0.840000,0.540000,0.940000,9.539439999999999,Strategic_Optimisation_Engine_v1 exact history
5,1,2,0.450000,0.450000,,,,,,,0.012779642669914939,Strategic_Optimisation_Engine_v1 exact history
5,2,2,0.640000,0.980000,,,,,,,0.28016822307722516,Strategic_Optimisation_Engine_v1 exact history
5,3,3,0.900000,0.100000,0.900000,,,,,,-0.11392206377710448,Strategic_Optimisation_Engine_v1 exact history
5,4,4,0.950000,0.050000,0.050000,0.050000,,,,,-27.44051496086922,Strategic_Optimisation_Engine_v1 exact history
5,5,4,0.150000,0.960000,0.990000,0.990000,,,,,3682.2110623386798,Strategic_Optimisation_Engine_v1 exact history
5,6,5,0.900000,0.100000,0.900000,0.900000,0.100000,,,,-1.073875453695542,Strategic_Optimisation_Engine_v1 exact history
5,7,6,0.040000,0.480000,0.260000,0.220000,0.420000,0.740000,,,1.3809299933612855,Strategic_Optimisation_Engine_v1 exact history
5,8,8,0.060000,0.060000,0.050000,0.050000,0.430000,0.850000,0.550000,0.950000,9.5113,Strategic_Optimisation_Engine_v1 exact history
6,1,2,0.500000,0.500000,,,,,,,2.6752879910742468e-09,Strategic_Optimisation_Engine_v1 exact history
6,2,2,0.700000,0.950000,,,,,,,0.5712475315739602,Strategic_Optimisation_Engine_v1 exact history
6,3,3,0.950000,0.050000,0.950000,,,,,,-0.3071823694141529,Strategic_Optimisation_Engine_v1 exact history
6,4,4,0.980000,0.020000,0.020000,0.020000,,,,,-31.20347777578016,Strategic_Optimisation_Engine_v1 exact history
6,5,4,0.140000,0.970000,0.995000,0.995000,,,,,3922.7652233497042,Strategic_Optimisation_Engine_v1 exact history
6,6,5,0.950000,0.050000,0.950000,0.950000,0.050000,,,,-1.3792272680368016,Strategic_Optimisation_Engine_v1 exact history
6,7,6,0.050000,0.500000,0.250000,0.200000,0.400000,0.750000,,,1.3529491169887171,Strategic_Optimisation_Engine_v1 exact history
6,8,8,0.050000,0.050000,0.050000,0.050000,0.450000,0.850000,0.550000,0.950000,9.5148,Strategic_Optimisation_Engine_v1 exact history
7,1,2,0.350000,0.700000,,,,,,,-1.4546199699251391e-58,Strategic_Optimisation_Engine_v1 exact history
7,2,2,0.760000,0.985000,,,,,,,0.2399291698606551,Strategic_Optimisation_Engine_v1 exact history
7,3,3,0.250000,0.850000,0.300000,,,,,,-0.09116928906376276,Strategic_Optimisation_Engine_v1 exact history
7,4,4,0.300000,0.700000,0.650000,0.250000,,,,,-10.745961383135121,Strategic_Optimisation_Engine_v1 exact history
7,5,4,0.120000,0.990000,0.999000,0.999000,,,,,4278.816638076986,Strategic_Optimisation_Engine_v1 exact history
7,6,5,0.250000,0.750000,0.250000,0.800000,0.300000,,,,-1.119713499832813,Strategic_Optimisation_Engine_v1 exact history
7,7,6,0.050000,0.520000,0.240000,0.180000,0.410000,0.770000,,,1.1543358123792982,Strategic_Optimisation_Engine_v1 exact history
7,8,8,0.050000,0.050000,0.050000,0.050000,0.460000,0.860000,0.560000,0.980000,9.49476,Strategic_Optimisation_Engine_v1 exact history
8,1,2,0.350000,0.700000,,,,,,,-1.4546199699251391e-58,Strategic_Optimisation_Engine_v1 exact history
8,2,2,0.720000,0.940000,,,,,,,0.5672775862793291,Strategic_Optimisation_Engine_v1 exact history
8,3,3,0.260000,0.860000,0.290000,,,,,,-0.0991107637427902,Strategic_Optimisation_Engine_v1 exact history
8,4,4,0.320000,0.720000,0.680000,0.220000,,,,,-12.305008897187289,Strategic_Optimisation_Engine_v1 exact history
8,5,4,0.120000,0.995000,0.999500,0.999500,,,,,4359.384134322703,Strategic_Optimisation_Engine_v1 exact history
8,6,5,0.240000,0.760000,0.240000,0.820000,0.280000,,,,-1.1197178425911847,Strategic_Optimisation_Engine_v1 exact history
8,7,6,0.060000,0.500000,0.250000,0.220000,0.420000,0.740000,,,1.3346391663186332,Strategic_Optimisation_Engine_v1 exact history
8,8,8,0.050000,0.050000,0.050000,0.050000,0.470000,0.870000,0.570000,0.980000,9.47621,Strategic_Optimisation_Engine_v1 exact history
9,1,2,0.350000,0.700000,,,,,,,-1.4546199699251391e-58,Strategic_Optimisation_Engine_v1 exact history
9,2,2,0.725000,0.945000,,,,,,,0.47297842839949866,Strategic_Optimisation_Engine_v1 exact history
9,3,3,0.255000,0.855000,0.295000,,,,,,-0.1156707106126581,Strategic_Optimisation_Engine_v1 exact history
9,4,4,0.310000,0.710000,0.670000,0.230000,,,,,-11.788939969158545,Strategic_Optimisation_Engine_v1 exact history
9,5,4,0.120000,0.997000,0.999800,0.999800,,,,,4394.868042481448,Strategic_Optimisation_Engine_v1 exact history
9,6,5,0.240000,0.760000,0.240000,0.820000,0.280000,,,,-1.1733030029888645,Strategic_Optimisation_Engine_v1 exact history
9,7,6,0.058000,0.495000,0.248000,0.218000,0.425000,0.742000,,,1.314307996450604,Strategic_Optimisation_Engine_v1 exact history
9,8,8,0.050000,0.050000,0.050000,0.050000,0.468000,0.872000,0.572000,0.982000,9.4709436,Strategic_Optimisation_Engine_v1 exact history
10,1,2,0.450000,0.650000,,,,,,,2.8950706668499033e-23,Strategic_Optimisation_Engine_v1 exact history
10,2,2,0.700000,0.955000,,,,,,,0.5311818841205426,Strategic_Optimisation_Engine_v1 exact history
10,3,3,0.280000,0.875000,0.315000,,,,,,-0.08697581687486715,Strategic_Optimisation_Engine_v1 exact history
10,4,4,0.290000,0.730000,0.690000,0.210000,,,,,-13.483642655031158,Strategic_Optimisation_Engine_v1 exact history
10,5,4,0.120000,0.997000,0.999800,0.999800,,,,,4394.868042481448,Strategic_Optimisation_Engine_v1 exact history
10,6,5,0.260000,0.780000,0.260000,0.840000,0.300000,,,,-1.2283806967341901,Strategic_Optimisation_Engine_v1 exact history
10,7,6,0.060000,0.500000,0.250000,0.220000,0.430000,0.740000,,,1.285160161342515,Strategic_Optimisation_Engine_v1 exact history
10,8,8,0.050000,0.050000,0.050000,0.050000,0.470000,0.875000,0.575000,0.985000,9.4646525,Strategic_Optimisation_Engine_v1 exact history
11,1,2,0.600000,0.600000,,,,,,,0.025559285339829783,Week_11 submission and returned outputs
11,2,2,0.695000,0.950000,,,,,,,0.5848554940277205,Week_11 submission and returned outputs
11,3,3,0.840000,0.160000,0.840000,,,,,,-0.06542982421105416,Week_11 submission and returned outputs
11,4,4,0.620000,0.420000,0.440000,0.250000,,,,,-4.868852987697114,Week_11 submission and returned outputs
11,5,4,0.110000,0.998000,0.999900,0.999900,,,,,4411.0387356061765,Week_11 submission and returned outputs
11,6,5,0.720000,0.190000,0.700000,0.710000,0.150000,,,,-0.7268715077444687,Week_11 submission and returned outputs
11,7,6,0.045000,0.485000,0.255000,0.220000,0.420000,0.745000,,,1.3579108517237013,Week_11 submission and returned outputs
11,8,8,0.060000,0.070000,0.030000,0.040000,0.410000,0.820000,0.500000,0.910000,9.58024,Week_11 submission and returned outputs
