index,dataset,seed,arm,accuracy,macro_f1,balanced_accuracy,log_loss,rescues,harms,net_rescue,intervention_rate,beacon_lock_rate,beacon_quality_mean,vmax,a0_thrust,brake_start
0,breast_cancer,11,adaptive_entry_combi_anchor,0.9736842105263158,0.9712773998488284,0.9642857142857144,0.1065262019993779,0,0,0,0.0,0.8859649122807017,0.7370412208440321,0.2,0.0,0.1
1,breast_cancer,11,laser_targeting_lens,0.9736842105263158,0.9712773998488284,0.9642857142857144,0.1058549664837894,0,0,0,0.0,0.8859649122807017,0.7370412208440321,0.2,0.0,0.1
2,breast_cancer,11,homing_vmax_acceleration,0.9736842105263158,0.9712773998488284,0.9642857142857144,0.1065706964778044,0,0,0,0.0,0.8859649122807017,0.7370412208440321,0.2,0.0,0.1
3,breast_cancer,11,a0_maintenance_thrust,0.9736842105263158,0.9712773998488284,0.9642857142857144,0.1065706964778044,0,0,0,0.0,0.8859649122807017,0.7370412208440321,0.2,0.0,0.1
4,breast_cancer,11,dynamic_precision_deceleration,0.9736842105263158,0.9712773998488284,0.9642857142857144,0.1067701038043429,0,0,0,0.0,0.8859649122807017,0.7370412208440321,0.2,0.0,0.1
5,breast_cancer,11,terminal_micro_guidance,0.9736842105263158,0.9712773998488284,0.9642857142857144,0.1067704055231173,0,0,0,0.0,0.8859649122807017,0.7370412208440321,0.2,0.0,0.1
6,breast_cancer,11,full_laser_homing_beacon_conduit,0.9736842105263158,0.9712773998488284,0.9642857142857144,0.1066937895096135,0,0,0,0.0,0.8859649122807017,0.7370412208440321,0.2,0.0,0.1
7,breast_cancer,23,adaptive_entry_combi_anchor,0.9736842105263158,0.9715828832571666,0.9692460317460316,0.1092552280074484,0,0,0,0.0,0.8947368421052632,0.7424521600477618,0.2,0.0,0.1
8,breast_cancer,23,laser_targeting_lens,0.9736842105263158,0.9715828832571666,0.9692460317460316,0.1077260538932494,0,0,0,0.0,0.8947368421052632,0.7424521600477618,0.2,0.0,0.1
9,breast_cancer,23,homing_vmax_acceleration,0.9736842105263158,0.9715828832571666,0.9692460317460316,0.1089996550292308,0,0,0,0.0,0.8947368421052632,0.7424521600477618,0.2,0.0,0.1
10,breast_cancer,23,a0_maintenance_thrust,0.9736842105263158,0.9715828832571666,0.9692460317460316,0.1089996550292308,0,0,0,0.0,0.8947368421052632,0.7424521600477618,0.2,0.0,0.1
11,breast_cancer,23,dynamic_precision_deceleration,0.9736842105263158,0.9715828832571666,0.9692460317460316,0.1080879646215815,0,0,0,0.0,0.8947368421052632,0.7424521600477618,0.2,0.0,0.1
12,breast_cancer,23,terminal_micro_guidance,0.9736842105263158,0.9715828832571666,0.9692460317460316,0.1080808950720715,0,0,0,0.0,0.8947368421052632,0.7424521600477618,0.2,0.0,0.1
13,breast_cancer,23,full_laser_homing_beacon_conduit,0.9736842105263158,0.9715828832571666,0.9692460317460316,0.1078773529862229,0,0,0,0.0,0.8947368421052632,0.7424521600477618,0.2,0.0,0.1
14,breast_cancer,37,adaptive_entry_combi_anchor,0.9824561403508772,0.9811507936507936,0.9811507936507936,0.0817830309646602,0,0,0,0.0,0.868421052631579,0.7159431347573377,0.2,0.0,0.1
15,breast_cancer,37,laser_targeting_lens,0.9824561403508772,0.9811507936507936,0.9811507936507936,0.0816504922053883,0,0,0,0.0,0.868421052631579,0.7159431347573377,0.2,0.0,0.1
16,breast_cancer,37,homing_vmax_acceleration,0.9824561403508772,0.9811507936507936,0.9811507936507936,0.0817489339444121,0,0,0,0.0,0.868421052631579,0.7159431347573377,0.2,0.0,0.1
17,breast_cancer,37,a0_maintenance_thrust,0.9824561403508772,0.9811507936507936,0.9811507936507936,0.0817489339444121,0,0,0,0.0,0.868421052631579,0.7159431347573377,0.2,0.0,0.1
18,breast_cancer,37,dynamic_precision_deceleration,0.9824561403508772,0.9811507936507936,0.9811507936507936,0.0815947267790033,0,0,0,0.0,0.868421052631579,0.7159431347573377,0.2,0.0,0.1
19,breast_cancer,37,terminal_micro_guidance,0.9824561403508772,0.9811507936507936,0.9811507936507936,0.081597846008721,0,0,0,0.0,0.868421052631579,0.7159431347573377,0.2,0.0,0.1
20,breast_cancer,37,full_laser_homing_beacon_conduit,0.9824561403508772,0.9811507936507936,0.9811507936507936,0.0813627082284642,0,0,0,0.0,0.868421052631579,0.7159431347573377,0.2,0.0,0.1
21,breast_cancer,53,adaptive_entry_combi_anchor,0.9824561403508772,0.9811507936507936,0.9811507936507936,0.0995245920785522,0,0,0,0.0,0.8771929824561403,0.7330628146481216,0.2,0.0,0.1
22,breast_cancer,53,laser_targeting_lens,0.9824561403508772,0.9811507936507936,0.9811507936507936,0.098440638563132,0,0,0,0.0,0.8771929824561403,0.7330628146481216,0.2,0.0,0.1
23,breast_cancer,53,homing_vmax_acceleration,0.9824561403508772,0.9811507936507936,0.9811507936507936,0.0993187058539518,0,0,0,0.0,0.8771929824561403,0.7330628146481216,0.2,0.0,0.1
24,breast_cancer,53,a0_maintenance_thrust,0.9824561403508772,0.9811507936507936,0.9811507936507936,0.0993187058539518,0,0,0,0.0,0.8771929824561403,0.7330628146481216,0.2,0.0,0.1
25,breast_cancer,53,dynamic_precision_deceleration,0.9824561403508772,0.9811507936507936,0.9811507936507936,0.0985686019583038,0,0,0,0.0,0.8771929824561403,0.7330628146481216,0.2,0.0,0.1
26,breast_cancer,53,terminal_micro_guidance,0.9824561403508772,0.9811507936507936,0.9811507936507936,0.0985659850762115,0,0,0,0.0,0.8771929824561403,0.7330628146481216,0.2,0.0,0.1
27,breast_cancer,53,full_laser_homing_beacon_conduit,0.9824561403508772,0.9811507936507936,0.9811507936507936,0.0983833562217939,0,0,0,0.0,0.8771929824561403,0.7330628146481216,0.2,0.0,0.1
28,breast_cancer,71,adaptive_entry_combi_anchor,0.9473684210526316,0.942866688940862,0.9384920634920636,0.1304668640280452,0,0,0,0.0,0.8508771929824561,0.7272600136427106,0.2,0.0,0.1
29,breast_cancer,71,laser_targeting_lens,0.9473684210526316,0.942866688940862,0.9384920634920636,0.1310711307718015,0,0,0,0.0,0.8508771929824561,0.7272600136427106,0.2,0.0,0.1
30,breast_cancer,71,homing_vmax_acceleration,0.9473684210526316,0.942866688940862,0.9384920634920636,0.1305099693681906,0,0,0,0.0,0.8508771929824561,0.7272600136427106,0.2,0.0,0.1
31,breast_cancer,71,a0_maintenance_thrust,0.9473684210526316,0.942866688940862,0.9384920634920636,0.1305099693681906,0,0,0,0.0,0.8508771929824561,0.7272600136427106,0.2,0.0,0.1
32,breast_cancer,71,dynamic_precision_deceleration,0.9473684210526316,0.942866688940862,0.9384920634920636,0.1307120156596361,0,0,0,0.0,0.8508771929824561,0.7272600136427106,0.2,0.0,0.1
33,breast_cancer,71,terminal_micro_guidance,0.9473684210526316,0.942866688940862,0.9384920634920636,0.1307095820073626,0,0,0,0.0,0.8508771929824561,0.7272600136427106,0.2,0.0,0.1
34,breast_cancer,71,full_laser_homing_beacon_conduit,0.9473684210526316,0.942866688940862,0.9384920634920636,0.1307095820073626,0,0,0,0.0,0.8508771929824561,0.7272600136427106,0.2,0.0,0.1
35,breast_cancer,89,adaptive_entry_combi_anchor,0.9473684210526316,0.9415384615384615,0.9285714285714286,0.1344196195344372,0,0,0,0.0,0.8771929824561403,0.7426173856726497,0.2,0.0,0.1
36,breast_cancer,89,laser_targeting_lens,0.9473684210526316,0.9415384615384615,0.9285714285714286,0.1330114256291064,0,0,0,0.0,0.8771929824561403,0.7426173856726497,0.2,0.0,0.1
37,breast_cancer,89,homing_vmax_acceleration,0.9473684210526316,0.9415384615384615,0.9285714285714286,0.1343097075019348,0,0,0,0.0,0.8771929824561403,0.7426173856726497,0.2,0.0,0.1
38,breast_cancer,89,a0_maintenance_thrust,0.9473684210526316,0.9415384615384615,0.9285714285714286,0.1343097075019348,0,0,0,0.0,0.8771929824561403,0.7426173856726497,0.2,0.0,0.1
39,breast_cancer,89,dynamic_precision_deceleration,0.9473684210526316,0.9415384615384615,0.9285714285714286,0.1339100678215563,0,0,0,0.0,0.8771929824561403,0.7426173856726497,0.2,0.0,0.1
40,breast_cancer,89,terminal_micro_guidance,0.9473684210526316,0.9415384615384615,0.9285714285714286,0.1339197923444121,0,0,0,0.0,0.8771929824561403,0.7426173856726497,0.2,0.0,0.1
41,breast_cancer,89,full_laser_homing_beacon_conduit,0.9473684210526316,0.9415384615384615,0.9285714285714286,0.1331574921863625,0,0,0,0.0,0.8771929824561403,0.7426173856726497,0.2,0.0,0.1
42,breast_cancer,101,adaptive_entry_combi_anchor,0.9736842105263158,0.97186343068696,0.9697019325253848,0.093870595749812,0,0,0,0.0,0.8596491228070176,0.7092698323145097,0.2,0.0,0.1
43,breast_cancer,101,laser_targeting_lens,0.9736842105263158,0.97186343068696,0.9697019325253848,0.0955744342665105,0,0,0,0.0,0.8596491228070176,0.7092698323145097,0.2,0.0,0.1
44,breast_cancer,101,homing_vmax_acceleration,0.9736842105263158,0.97186343068696,0.9697019325253848,0.0940981902877362,0,0,0,0.0,0.8596491228070176,0.7092698323145097,0.2,0.0,0.1
45,breast_cancer,101,a0_maintenance_thrust,0.9736842105263158,0.97186343068696,0.9697019325253848,0.0940981902877362,0,0,0,0.0,0.8596491228070176,0.7092698323145097,0.2,0.0,0.1
46,breast_cancer,101,dynamic_precision_deceleration,0.9736842105263158,0.97186343068696,0.9697019325253848,0.0949382219344025,0,0,0,0.0,0.8596491228070176,0.7092698323145097,0.2,0.0,0.1
47,breast_cancer,101,terminal_micro_guidance,0.9736842105263158,0.97186343068696,0.9697019325253848,0.0949511606418276,0,0,0,0.0,0.8596491228070176,0.7092698323145097,0.2,0.0,0.1
48,breast_cancer,101,full_laser_homing_beacon_conduit,0.9736842105263158,0.97186343068696,0.9697019325253848,0.0941666293822809,0,0,0,0.0,0.8596491228070176,0.7092698323145097,0.2,0.0,0.1
49,breast_cancer,127,adaptive_entry_combi_anchor,0.9649122807017544,0.9623015873015872,0.9623015873015872,0.0831140820115701,0,0,0,0.0,0.8947368421052632,0.7278612382096917,0.2,0.0,0.1
50,breast_cancer,127,laser_targeting_lens,0.9649122807017544,0.9623015873015872,0.9623015873015872,0.0834274886211041,0,0,0,0.0,0.8947368421052632,0.7278612382096917,0.2,0.0,0.1
51,breast_cancer,127,homing_vmax_acceleration,0.9649122807017544,0.9623015873015872,0.9623015873015872,0.0831195403162079,0,0,0,0.0,0.8947368421052632,0.7278612382096917,0.2,0.0,0.1
52,breast_cancer,127,a0_maintenance_thrust,0.9649122807017544,0.9623015873015872,0.9623015873015872,0.0831195403162079,0,0,0,0.0,0.8947368421052632,0.7278612382096917,0.2,0.0,0.1
53,breast_cancer,127,dynamic_precision_deceleration,0.9649122807017544,0.9623015873015872,0.9623015873015872,0.0831485266264158,0,0,0,0.0,0.8947368421052632,0.7278612382096917,0.2,0.0,0.1
54,breast_cancer,127,terminal_micro_guidance,0.9649122807017544,0.9623015873015872,0.9623015873015872,0.0831477571030709,0,0,0,0.0,0.8947368421052632,0.7278612382096917,0.2,0.0,0.1
55,breast_cancer,127,full_laser_homing_beacon_conduit,0.9649122807017544,0.9623015873015872,0.9623015873015872,0.0831477571030709,0,0,0,0.0,0.8947368421052632,0.7278612382096917,0.2,0.0,0.1
56,breast_cancer,149,adaptive_entry_combi_anchor,0.9385964912280702,0.933693394266722,0.9315476190476192,0.1713534378791994,0,0,0,0.0,0.9210526315789472,0.749190267854048,0.2,0.0,0.1
57,breast_cancer,149,laser_targeting_lens,0.9298245614035088,0.9238222519211494,0.9196428571428572,0.1698159358457994,0,1,-1,0.0087719298245614,0.9210526315789472,0.749190267854048,0.2,0.0,0.1
58,breast_cancer,149,homing_vmax_acceleration,0.9385964912280702,0.933693394266722,0.9315476190476192,0.1711777837373804,0,0,0,0.0,0.9210526315789472,0.749190267854048,0.2,0.0,0.1
59,breast_cancer,149,a0_maintenance_thrust,0.9385964912280702,0.933693394266722,0.9315476190476192,0.1711777837373804,0,0,0,0.0,0.9210526315789472,0.749190267854048,0.2,0.0,0.1
60,breast_cancer,149,dynamic_precision_deceleration,0.9385964912280702,0.933693394266722,0.9315476190476192,0.1705401697971887,0,0,0,0.0,0.9210526315789472,0.749190267854048,0.2,0.0,0.1
61,breast_cancer,149,terminal_micro_guidance,0.9385964912280702,0.933693394266722,0.9315476190476192,0.1705357702262808,0,0,0,0.0,0.9210526315789472,0.749190267854048,0.2,0.0,0.1
62,breast_cancer,149,full_laser_homing_beacon_conduit,0.9385964912280702,0.933693394266722,0.9315476190476192,0.170426667994273,0,0,0,0.0,0.9210526315789472,0.749190267854048,0.2,0.0,0.1
63,breast_cancer,173,adaptive_entry_combi_anchor,0.9473684210526316,0.9415384615384615,0.9285714285714286,0.163252945993196,0,0,0,0.0,0.868421052631579,0.7260242524535706,0.2,0.0,0.1
64,breast_cancer,173,laser_targeting_lens,0.9385964912280702,0.9322062696457396,0.9216269841269842,0.160699371757745,0,1,-1,0.0087719298245614,0.868421052631579,0.7260242524535706,0.2,0.0,0.1
65,breast_cancer,173,homing_vmax_acceleration,0.9473684210526316,0.9415384615384615,0.9285714285714286,0.1628535303808836,0,0,0,0.0,0.868421052631579,0.7260242524535706,0.2,0.0,0.1
66,breast_cancer,173,a0_maintenance_thrust,0.9473684210526316,0.9415384615384615,0.9285714285714286,0.1628535303808836,0,0,0,0.0,0.868421052631579,0.7260242524535706,0.2,0.0,0.1
67,breast_cancer,173,dynamic_precision_deceleration,0.9473684210526316,0.9415384615384615,0.9285714285714286,0.1613602182938652,0,0,0,0.0,0.868421052631579,0.7260242524535706,0.2,0.0,0.1
68,breast_cancer,173,terminal_micro_guidance,0.9473684210526316,0.9415384615384615,0.9285714285714286,0.1613500473695559,0,0,0,0.0,0.868421052631579,0.7260242524535706,0.2,0.0,0.1
69,breast_cancer,173,full_laser_homing_beacon_conduit,0.9473684210526316,0.9415384615384615,0.9285714285714286,0.1613026099153023,0,0,0,0.0,0.868421052631579,0.7260242524535706,0.2,0.0,0.1
70,wine,11,adaptive_entry_combi_anchor,1.0,1.0,1.0,0.0935956788404727,0,0,0,0.0,0.8888888888888888,0.700466155838485,0.2,0.0,0.1
71,wine,11,laser_targeting_lens,1.0,1.0,1.0,0.0935953104801877,0,0,0,0.0,0.8888888888888888,0.700466155838485,0.2,0.0,0.1
72,wine,11,homing_vmax_acceleration,1.0,1.0,1.0,0.0935321845089052,0,0,0,0.0,0.8888888888888888,0.700466155838485,0.2,0.0,0.1
73,wine,11,a0_maintenance_thrust,1.0,1.0,1.0,0.0935321845089052,0,0,0,0.0,0.8888888888888888,0.700466155838485,0.2,0.0,0.1
74,wine,11,dynamic_precision_deceleration,1.0,1.0,1.0,0.0932917375939016,0,0,0,0.0,0.8888888888888888,0.700466155838485,0.2,0.0,0.1
75,wine,11,terminal_micro_guidance,1.0,1.0,1.0,0.0932898311534414,0,0,0,0.0,0.8888888888888888,0.700466155838485,0.2,0.0,0.1
76,wine,11,full_laser_homing_beacon_conduit,1.0,1.0,1.0,0.0932898311534414,0,0,0,0.0,0.8888888888888888,0.700466155838485,0.2,0.0,0.1
77,wine,23,adaptive_entry_combi_anchor,1.0,1.0,1.0,0.0861032076578353,0,0,0,0.0,0.8888888888888888,0.7363058446434425,0.2,0.0,0.1
78,wine,23,laser_targeting_lens,1.0,1.0,1.0,0.0847402468544686,0,0,0,0.0,0.8888888888888888,0.7363058446434425,0.2,0.0,0.1
79,wine,23,homing_vmax_acceleration,1.0,1.0,1.0,0.0857534035171973,0,0,0,0.0,0.8888888888888888,0.7363058446434425,0.2,0.0,0.1
80,wine,23,a0_maintenance_thrust,1.0,1.0,1.0,0.0857534035171973,0,0,0,0.0,0.8888888888888888,0.7363058446434425,0.2,0.0,0.1
81,wine,23,dynamic_precision_deceleration,1.0,1.0,1.0,0.0844744705805671,0,0,0,0.0,0.8888888888888888,0.7363058446434425,0.2,0.0,0.1
82,wine,23,terminal_micro_guidance,1.0,1.0,1.0,0.0844551427225363,0,0,0,0.0,0.8888888888888888,0.7363058446434425,0.2,0.0,0.1
83,wine,23,full_laser_homing_beacon_conduit,1.0,1.0,1.0,0.0841647417110951,0,0,0,0.0,0.8888888888888888,0.7363058446434425,0.2,0.0,0.1
84,wine,37,adaptive_entry_combi_anchor,0.9722222222222222,0.974320987654321,0.9761904761904764,0.1299323458213556,0,0,0,0.0,0.7777777777777778,0.6760746830341636,0.2,0.0,0.1
85,wine,37,laser_targeting_lens,0.9722222222222222,0.974320987654321,0.9761904761904764,0.1269988306150199,0,0,0,0.0,0.7777777777777778,0.6760746830341636,0.2,0.0,0.1
86,wine,37,homing_vmax_acceleration,0.9722222222222222,0.974320987654321,0.9761904761904764,0.1296255387268395,0,0,0,0.0,0.7777777777777778,0.6760746830341636,0.2,0.0,0.1
87,wine,37,a0_maintenance_thrust,0.9722222222222222,0.974320987654321,0.9761904761904764,0.1296255387268395,0,0,0,0.0,0.7777777777777778,0.6760746830341636,0.2,0.0,0.1
88,wine,37,dynamic_precision_deceleration,0.9722222222222222,0.974320987654321,0.9761904761904764,0.128441839661778,0,0,0,0.0,0.7777777777777778,0.6760746830341636,0.2,0.0,0.1
89,wine,37,terminal_micro_guidance,0.9722222222222222,0.974320987654321,0.9761904761904764,0.128434940135281,0,0,0,0.0,0.7777777777777778,0.6760746830341636,0.2,0.0,0.1
90,wine,37,full_laser_homing_beacon_conduit,0.9722222222222222,0.974320987654321,0.9761904761904764,0.128434940135281,0,0,0,0.0,0.7777777777777778,0.6760746830341636,0.2,0.0,0.1
91,wine,53,adaptive_entry_combi_anchor,1.0,1.0,1.0,0.1191171287276522,0,0,0,0.0,0.7777777777777778,0.6799178093853953,0.2,0.0,0.1
92,wine,53,laser_targeting_lens,1.0,1.0,1.0,0.1187712656463613,0,0,0,0.0,0.7777777777777778,0.6799178093853953,0.2,0.0,0.1
93,wine,53,homing_vmax_acceleration,1.0,1.0,1.0,0.1190697808742574,0,0,0,0.0,0.7777777777777778,0.6799178093853953,0.2,0.0,0.1
94,wine,53,a0_maintenance_thrust,1.0,1.0,1.0,0.1190697808742574,0,0,0,0.0,0.7777777777777778,0.6799178093853953,0.2,0.0,0.1
95,wine,53,dynamic_precision_deceleration,1.0,1.0,1.0,0.1188783286429341,0,0,0,0.0,0.7777777777777778,0.6799178093853953,0.2,0.0,0.1
96,wine,53,terminal_micro_guidance,1.0,1.0,1.0,0.1188788509522268,0,0,0,0.0,0.7777777777777778,0.6799178093853953,0.2,0.0,0.1
97,wine,53,full_laser_homing_beacon_conduit,1.0,1.0,1.0,0.1186892591857206,0,0,0,0.0,0.7777777777777778,0.6799178093853953,0.2,0.0,0.1
98,wine,71,adaptive_entry_combi_anchor,0.9722222222222222,0.974320987654321,0.9761904761904764,0.1350459531785416,0,0,0,0.0,0.7777777777777778,0.6812473059426593,0.2,0.0,0.1
99,wine,71,laser_targeting_lens,0.9722222222222222,0.974320987654321,0.9761904761904764,0.1350459531785415,0,0,0,0.0,0.7777777777777778,0.6812473059426593,0.2,0.0,0.1
100,wine,71,homing_vmax_acceleration,0.9722222222222222,0.974320987654321,0.9761904761904764,0.1350459531785415,0,0,0,0.0,0.7777777777777778,0.6812473059426593,0.2,0.0,0.1
101,wine,71,a0_maintenance_thrust,0.9722222222222222,0.974320987654321,0.9761904761904764,0.1350459531785415,0,0,0,0.0,0.7777777777777778,0.6812473059426593,0.2,0.0,0.1
102,wine,71,dynamic_precision_deceleration,0.9722222222222222,0.974320987654321,0.9761904761904764,0.1350459531785416,0,0,0,0.0,0.7777777777777778,0.6812473059426593,0.2,0.0,0.1
103,wine,71,terminal_micro_guidance,0.9722222222222222,0.974320987654321,0.9761904761904764,0.1350459531785416,0,0,0,0.0,0.7777777777777778,0.6812473059426593,0.2,0.0,0.1
104,wine,71,full_laser_homing_beacon_conduit,0.9722222222222222,0.974320987654321,0.9761904761904764,0.1350459531785416,0,0,0,0.0,0.7777777777777778,0.6812473059426593,0.2,0.0,0.1
105,wine,89,adaptive_entry_combi_anchor,1.0,1.0,1.0,0.1151233259803966,0,0,0,0.0,0.8055555555555556,0.6808858395863401,0.2,0.0,0.1
106,wine,89,laser_targeting_lens,1.0,1.0,1.0,0.110581022030372,0,0,0,0.0,0.8055555555555556,0.6808858395863401,0.2,0.0,0.1
107,wine,89,homing_vmax_acceleration,1.0,1.0,1.0,0.1146522561237141,0,0,0,0.0,0.8055555555555556,0.6808858395863401,0.2,0.0,0.1
108,wine,89,a0_maintenance_thrust,1.0,1.0,1.0,0.1146522561237141,0,0,0,0.0,0.8055555555555556,0.6808858395863401,0.2,0.0,0.1
109,wine,89,dynamic_precision_deceleration,1.0,1.0,1.0,0.1128841248834927,0,0,0,0.0,0.8055555555555556,0.6808858395863401,0.2,0.0,0.1
110,wine,89,terminal_micro_guidance,1.0,1.0,1.0,0.1128660367099302,0,0,0,0.0,0.8055555555555556,0.6808858395863401,0.2,0.0,0.1
111,wine,89,full_laser_homing_beacon_conduit,1.0,1.0,1.0,0.1128660367099302,0,0,0,0.0,0.8055555555555556,0.6808858395863401,0.2,0.0,0.1
112,wine,101,adaptive_entry_combi_anchor,1.0,1.0,1.0,0.0911085603034184,0,0,0,0.0,0.9166666666666666,0.7440138531506445,0.2,0.0,0.1
113,wine,101,laser_targeting_lens,1.0,1.0,1.0,0.0885252418821224,0,0,0,0.0,0.9166666666666666,0.7440138531506445,0.2,0.0,0.1
114,wine,101,homing_vmax_acceleration,1.0,1.0,1.0,0.0905934371865967,0,0,0,0.0,0.9166666666666666,0.7440138531506445,0.2,0.0,0.1
115,wine,101,a0_maintenance_thrust,1.0,1.0,1.0,0.0905934371865967,0,0,0,0.0,0.9166666666666666,0.7440138531506445,0.2,0.0,0.1
116,wine,101,dynamic_precision_deceleration,1.0,1.0,1.0,0.0887741498254176,0,0,0,0.0,0.9166666666666666,0.7440138531506445,0.2,0.0,0.1
117,wine,101,terminal_micro_guidance,1.0,1.0,1.0,0.0887353661252425,0,0,0,0.0,0.9166666666666666,0.7440138531506445,0.2,0.0,0.1
118,wine,101,full_laser_homing_beacon_conduit,1.0,1.0,1.0,0.0885730005026816,0,0,0,0.0,0.9166666666666666,0.7440138531506445,0.2,0.0,0.1
119,wine,127,adaptive_entry_combi_anchor,1.0,1.0,1.0,0.1291142837925876,0,0,0,0.0,0.8333333333333334,0.6671438378791548,0.2,0.0,0.1
120,wine,127,laser_targeting_lens,1.0,1.0,1.0,0.1291142837925876,0,0,0,0.0,0.8333333333333334,0.6671438378791548,0.2,0.0,0.1
121,wine,127,homing_vmax_acceleration,1.0,1.0,1.0,0.1291142837925876,0,0,0,0.0,0.8333333333333334,0.6671438378791548,0.2,0.0,0.1
122,wine,127,a0_maintenance_thrust,1.0,1.0,1.0,0.1291142837925876,0,0,0,0.0,0.8333333333333334,0.6671438378791548,0.2,0.0,0.1
123,wine,127,dynamic_precision_deceleration,1.0,1.0,1.0,0.1291142837925876,0,0,0,0.0,0.8333333333333334,0.6671438378791548,0.2,0.0,0.1
124,wine,127,terminal_micro_guidance,1.0,1.0,1.0,0.1291142837925876,0,0,0,0.0,0.8333333333333334,0.6671438378791548,0.2,0.0,0.1
125,wine,127,full_laser_homing_beacon_conduit,1.0,1.0,1.0,0.1291142837925876,0,0,0,0.0,0.8333333333333334,0.6671438378791548,0.2,0.0,0.1
126,wine,149,adaptive_entry_combi_anchor,1.0,1.0,1.0,0.0820552365941201,0,0,0,0.0,0.8611111111111112,0.708772599911414,0.2,0.0,0.1
127,wine,149,laser_targeting_lens,1.0,1.0,1.0,0.0820552365941201,0,0,0,0.0,0.8611111111111112,0.708772599911414,0.2,0.0,0.1
128,wine,149,homing_vmax_acceleration,1.0,1.0,1.0,0.0820552365941201,0,0,0,0.0,0.8611111111111112,0.708772599911414,0.2,0.0,0.1
129,wine,149,a0_maintenance_thrust,1.0,1.0,1.0,0.0820552365941201,0,0,0,0.0,0.8611111111111112,0.708772599911414,0.2,0.0,0.1
130,wine,149,dynamic_precision_deceleration,1.0,1.0,1.0,0.0820552365941201,0,0,0,0.0,0.8611111111111112,0.708772599911414,0.2,0.0,0.1
131,wine,149,terminal_micro_guidance,1.0,1.0,1.0,0.0820552365941201,0,0,0,0.0,0.8611111111111112,0.708772599911414,0.2,0.0,0.1
132,wine,149,full_laser_homing_beacon_conduit,1.0,1.0,1.0,0.0820552365941201,0,0,0,0.0,0.8611111111111112,0.708772599911414,0.2,0.0,0.1
133,wine,173,adaptive_entry_combi_anchor,0.9444444444444444,0.9451526251526252,0.9523809523809524,0.1428208564898722,0,0,0,0.0,0.8333333333333334,0.6723472198863263,0.2,0.0,0.1
134,wine,173,laser_targeting_lens,0.9444444444444444,0.9451526251526252,0.9523809523809524,0.1411768682321829,0,0,0,0.0,0.8333333333333334,0.6723472198863263,0.2,0.0,0.1
135,wine,173,homing_vmax_acceleration,0.9444444444444444,0.9451526251526252,0.9523809523809524,0.1426036071894985,0,0,0,0.0,0.8333333333333334,0.6723472198863263,0.2,0.0,0.1
136,wine,173,a0_maintenance_thrust,0.9444444444444444,0.9451526251526252,0.9523809523809524,0.1426036071894985,0,0,0,0.0,0.8333333333333334,0.6723472198863263,0.2,0.0,0.1
137,wine,173,dynamic_precision_deceleration,0.9444444444444444,0.9451526251526252,0.9523809523809524,0.1417553055790252,0,0,0,0.0,0.8333333333333334,0.6723472198863263,0.2,0.0,0.1
138,wine,173,terminal_micro_guidance,0.9444444444444444,0.9451526251526252,0.9523809523809524,0.1417518604539394,0,0,0,0.0,0.8333333333333334,0.6723472198863263,0.2,0.0,0.1
139,wine,173,full_laser_homing_beacon_conduit,0.9444444444444444,0.9451526251526252,0.9523809523809524,0.1417518604539394,0,0,0,0.0,0.8333333333333334,0.6723472198863263,0.2,0.0,0.1
140,digits,11,adaptive_entry_combi_anchor,0.9944444444444444,0.994443372564152,0.9945195195195196,0.1621648238654005,0,0,0,0.0,0.8611111111111112,0.6888996876795965,0.2,0.0,0.1
141,digits,11,laser_targeting_lens,0.9944444444444444,0.994443372564152,0.9945195195195196,0.1568644851912033,0,0,0,0.0,0.8611111111111112,0.6888996876795965,0.2,0.0,0.1
142,digits,11,homing_vmax_acceleration,0.9944444444444444,0.994443372564152,0.9945195195195196,0.1613996584161142,0,0,0,0.0,0.8611111111111112,0.6888996876795965,0.2,0.0,0.1
143,digits,11,a0_maintenance_thrust,0.9944444444444444,0.994443372564152,0.9945195195195196,0.1613996584161142,0,0,0,0.0,0.8611111111111112,0.6888996876795965,0.2,0.0,0.1
144,digits,11,dynamic_precision_deceleration,0.9944444444444444,0.994443372564152,0.9945195195195196,0.1586397462992707,0,0,0,0.0,0.8611111111111112,0.6888996876795965,0.2,0.0,0.1
145,digits,11,terminal_micro_guidance,0.9944444444444444,0.994443372564152,0.9945195195195196,0.1585930684227694,0,0,0,0.0,0.8611111111111112,0.6888996876795965,0.2,0.0,0.1
146,digits,11,full_laser_homing_beacon_conduit,0.9944444444444444,0.994443372564152,0.9945195195195196,0.1584350767823079,0,0,0,0.0,0.8611111111111112,0.6888996876795965,0.2,0.0,0.1
147,digits,23,adaptive_entry_combi_anchor,0.9861111111111112,0.9862176503707014,0.9861861861861864,0.1752961637589864,0,0,0,0.0,0.8555555555555555,0.6899639097860574,0.2,0.0,0.1
148,digits,23,laser_targeting_lens,0.9805555555555556,0.9807271914314168,0.9806263406263408,0.1713273066289763,0,2,-2,0.0055555555555555,0.8555555555555555,0.6899639097860574,0.2,0.0,0.1
149,digits,23,homing_vmax_acceleration,0.9861111111111112,0.9862176503707014,0.9861861861861864,0.1747059092131713,0,0,0,0.0,0.8555555555555555,0.6899639097860574,0.2,0.0,0.1
150,digits,23,a0_maintenance_thrust,0.9861111111111112,0.9862176503707014,0.9861861861861864,0.1747059092131713,0,0,0,0.0,0.8555555555555555,0.6899639097860574,0.2,0.0,0.1
151,digits,23,dynamic_precision_deceleration,0.9861111111111112,0.9862176503707014,0.9861861861861864,0.1725505027763759,0,0,0,0.0,0.8555555555555555,0.6899639097860574,0.2,0.0,0.1
152,digits,23,terminal_micro_guidance,0.9861111111111112,0.9862176503707014,0.9861861861861864,0.1725185958028291,0,0,0,0.0,0.8555555555555555,0.6899639097860574,0.2,0.0,0.1
153,digits,23,full_laser_homing_beacon_conduit,0.9861111111111112,0.9862176503707014,0.9861861861861864,0.1719754582706888,0,0,0,0.0,0.8555555555555555,0.6899639097860574,0.2,0.0,0.1
154,digits,37,adaptive_entry_combi_anchor,0.9805555555555556,0.9805379329114784,0.9806220506220504,0.1781433752758227,0,0,0,0.0,0.8527777777777777,0.6804948503017668,0.2,0.0,0.1
155,digits,37,laser_targeting_lens,0.9833333333333332,0.9833905490423064,0.9833247533247532,0.1743302189698284,1,0,1,0.0027777777777777,0.8527777777777777,0.6804948503017668,0.2,0.0,0.1
156,digits,37,homing_vmax_acceleration,0.9805555555555556,0.9805379329114784,0.9806220506220504,0.1775748361227678,0,0,0,0.0,0.8527777777777777,0.6804948503017668,0.2,0.0,0.1
157,digits,37,a0_maintenance_thrust,0.9805555555555556,0.9805379329114784,0.9806220506220504,0.1775748361227678,0,0,0,0.0,0.8527777777777777,0.6804948503017668,0.2,0.0,0.1
158,digits,37,dynamic_precision_deceleration,0.9805555555555556,0.9805379329114784,0.9806220506220504,0.1755364175850252,0,0,0,0.0,0.8527777777777777,0.6804948503017668,0.2,0.0,0.1
159,digits,37,terminal_micro_guidance,0.9805555555555556,0.9805379329114784,0.9806220506220504,0.1755011703673348,0,0,0,0.0,0.8527777777777777,0.6804948503017668,0.2,0.0,0.1
160,digits,37,full_laser_homing_beacon_conduit,0.9805555555555556,0.9805379329114784,0.9806220506220504,0.17493824698878,0,0,0,0.0,0.8527777777777777,0.6804948503017668,0.2,0.0,0.1
161,digits,53,adaptive_entry_combi_anchor,0.9777777777777776,0.9778034047315728,0.9778399828399827,0.1721904591984885,0,0,0,0.0,0.85,0.6869368460499582,0.2,0.0,0.1
162,digits,53,laser_targeting_lens,0.9805555555555556,0.9806241495965006,0.9806971256971256,0.1731457493680308,1,0,1,0.0027777777777777,0.85,0.6869368460499582,0.2,0.0,0.1
163,digits,53,homing_vmax_acceleration,0.9777777777777776,0.9778034047315728,0.9778399828399827,0.1726908148689193,0,0,0,0.0,0.85,0.6869368460499582,0.2,0.0,0.1
164,digits,53,a0_maintenance_thrust,0.9777777777777776,0.9778034047315728,0.9778399828399827,0.1726908148689193,0,0,0,0.0,0.85,0.6869368460499582,0.2,0.0,0.1
165,digits,53,dynamic_precision_deceleration,0.9777777777777776,0.9778034047315728,0.9778399828399827,0.1745088225824635,0,0,0,0.0,0.85,0.6869368460499582,0.2,0.0,0.1
166,digits,53,terminal_micro_guidance,0.9777777777777776,0.9778034047315728,0.9778399828399827,0.1745469001262646,0,0,0,0.0,0.85,0.6869368460499582,0.2,0.0,0.1
167,digits,53,full_laser_homing_beacon_conduit,0.9777777777777776,0.9778034047315728,0.9778399828399827,0.1721668512923664,0,0,0,0.0,0.85,0.6869368460499582,0.2,0.0,0.1
168,digits,71,adaptive_entry_combi_anchor,0.9861111111111112,0.986139548294998,0.986031746031746,0.1735803360881611,0,0,0,0.0,0.8416666666666667,0.6859209162377,0.2,0.0,0.1
169,digits,71,laser_targeting_lens,0.9861111111111112,0.986139548294998,0.986031746031746,0.1676852972260798,0,0,0,0.0,0.8416666666666667,0.6859209162377,0.2,0.0,0.1
170,digits,71,homing_vmax_acceleration,0.9861111111111112,0.986139548294998,0.986031746031746,0.1728271404318692,0,0,0,0.0,0.8416666666666667,0.6859209162377,0.2,0.0,0.1
171,digits,71,a0_maintenance_thrust,0.9861111111111112,0.986139548294998,0.986031746031746,0.1728271404318692,0,0,0,0.0,0.8416666666666667,0.6859209162377,0.2,0.0,0.1
172,digits,71,dynamic_precision_deceleration,0.9861111111111112,0.986139548294998,0.986031746031746,0.1701122137922329,0,0,0,0.0,0.8416666666666667,0.6859209162377,0.2,0.0,0.1
173,digits,71,terminal_micro_guidance,0.9861111111111112,0.986139548294998,0.986031746031746,0.1700654385468247,0,0,0,0.0,0.8416666666666667,0.6859209162377,0.2,0.0,0.1
174,digits,71,full_laser_homing_beacon_conduit,0.9861111111111112,0.986139548294998,0.986031746031746,0.1697305699241402,0,0,0,0.0,0.8416666666666667,0.6859209162377,0.2,0.0,0.1
175,digits,89,adaptive_entry_combi_anchor,0.9861111111111112,0.9862149247322436,0.9861861861861864,0.2004496356661158,0,0,0,0.0,0.8138888888888889,0.6765651651098875,0.2,0.0,0.1
176,digits,89,laser_targeting_lens,0.9861111111111112,0.9862138963065576,0.9861861861861864,0.1962367756485062,0,0,0,0.0027777777777777,0.8138888888888889,0.6765651651098875,0.2,0.0,0.1
177,digits,89,homing_vmax_acceleration,0.9861111111111112,0.9862149247322436,0.9861861861861864,0.1998795582210756,0,0,0,0.0,0.8138888888888889,0.6765651651098875,0.2,0.0,0.1
178,digits,89,a0_maintenance_thrust,0.9861111111111112,0.9862149247322436,0.9861861861861864,0.1998795582210756,0,0,0,0.0,0.8138888888888889,0.6765651651098875,0.2,0.0,0.1
179,digits,89,dynamic_precision_deceleration,0.9861111111111112,0.9862149247322436,0.9861861861861864,0.1978204919550417,0,0,0,0.0,0.8138888888888889,0.6765651651098875,0.2,0.0,0.1
180,digits,89,terminal_micro_guidance,0.9861111111111112,0.9862149247322436,0.9861861861861864,0.1977864060498147,0,0,0,0.0,0.8138888888888889,0.6765651651098875,0.2,0.0,0.1
181,digits,89,full_laser_homing_beacon_conduit,0.9861111111111112,0.9862149247322436,0.9861861861861864,0.1972771343170915,0,0,0,0.0,0.8138888888888889,0.6765651651098875,0.2,0.0,0.1
182,digits,101,adaptive_entry_combi_anchor,0.9916666666666668,0.9916634050880626,0.9917417417417416,0.1613856107428441,0,0,0,0.0,0.8611111111111112,0.6883959089422026,0.2,0.0,0.1
183,digits,101,laser_targeting_lens,0.9916666666666668,0.991625353337682,0.9917417417417416,0.1589951750286073,0,0,0,0.0027777777777777,0.8611111111111112,0.6883959089422026,0.2,0.0,0.1
184,digits,101,homing_vmax_acceleration,0.9916666666666668,0.9916634050880626,0.9917417417417416,0.1611306866712937,0,0,0,0.0,0.8611111111111112,0.6883959089422026,0.2,0.0,0.1
185,digits,101,a0_maintenance_thrust,0.9916666666666668,0.9916634050880626,0.9917417417417416,0.1611306866712937,0,0,0,0.0,0.8611111111111112,0.6883959089422026,0.2,0.0,0.1
186,digits,101,dynamic_precision_deceleration,0.9916666666666668,0.9916634050880626,0.9917417417417416,0.1602273078240676,0,0,0,0.0,0.8611111111111112,0.6883959089422026,0.2,0.0,0.1
187,digits,101,terminal_micro_guidance,0.9916666666666668,0.9916634050880626,0.9917417417417416,0.1602130490156814,0,0,0,0.0,0.8611111111111112,0.6883959089422026,0.2,0.0,0.1
188,digits,101,full_laser_homing_beacon_conduit,0.9916666666666668,0.9916634050880626,0.9917417417417416,0.1591463856548849,0,0,0,0.0,0.8611111111111112,0.6883959089422026,0.2,0.0,0.1
189,digits,127,adaptive_entry_combi_anchor,0.975,0.9751366858222128,0.97514157014157,0.1988233736488437,0,0,0,0.0,0.8083333333333333,0.6748110585577752,0.2,0.0,0.1
190,digits,127,laser_targeting_lens,0.9777777777777776,0.9779246663493236,0.9779987129987128,0.1962965307808683,1,0,1,0.0027777777777777,0.8083333333333333,0.6748110585577752,0.2,0.0,0.1
191,digits,127,homing_vmax_acceleration,0.975,0.9751366858222128,0.97514157014157,0.1987564909861087,0,0,0,0.0,0.8083333333333333,0.6748110585577752,0.2,0.0,0.1
192,digits,127,a0_maintenance_thrust,0.975,0.9751366858222128,0.97514157014157,0.1987564909861087,0,0,0,0.0,0.8083333333333333,0.6748110585577752,0.2,0.0,0.1
193,digits,127,dynamic_precision_deceleration,0.975,0.9751366858222128,0.97514157014157,0.1985850541248216,0,0,0,0.0,0.8083333333333333,0.6748110585577752,0.2,0.0,0.1
194,digits,127,terminal_micro_guidance,0.975,0.9751366858222128,0.97514157014157,0.198572116449433,0,0,0,0.0,0.8083333333333333,0.6748110585577752,0.2,0.0,0.1
195,digits,127,full_laser_homing_beacon_conduit,0.975,0.9751366858222128,0.97514157014157,0.1976222614186852,0,0,0,0.0,0.8083333333333333,0.6748110585577752,0.2,0.0,0.1
196,digits,149,adaptive_entry_combi_anchor,0.9722222222222222,0.9715790580078688,0.9718961818961818,0.1814579845326338,0,0,0,0.0,0.8361111111111111,0.6852216069572851,0.2,0.0,0.1
197,digits,149,laser_targeting_lens,0.975,0.974585348624055,0.9747533247533248,0.1766377828280371,1,0,1,0.0027777777777777,0.8361111111111111,0.6852216069572851,0.2,0.0,0.1
198,digits,149,homing_vmax_acceleration,0.9722222222222222,0.9715790580078688,0.9718961818961818,0.1809032644323432,0,0,0,0.0,0.8361111111111111,0.6852216069572851,0.2,0.0,0.1
199,digits,149,a0_maintenance_thrust,0.9722222222222222,0.9715790580078688,0.9718961818961818,0.1809032644323432,0,0,0,0.0,0.8361111111111111,0.6852216069572851,0.2,0.0,0.1
200,digits,149,dynamic_precision_deceleration,0.9722222222222222,0.9715790580078688,0.9718961818961818,0.1788853675174502,0,0,0,0.0,0.8361111111111111,0.6852216069572851,0.2,0.0,0.1
201,digits,149,terminal_micro_guidance,0.9722222222222222,0.9715790580078688,0.9718961818961818,0.1788564763448761,0,0,0,0.0,0.8361111111111111,0.6852216069572851,0.2,0.0,0.1
202,digits,149,full_laser_homing_beacon_conduit,0.9722222222222222,0.9715790580078688,0.9718961818961818,0.1778729097381571,0,0,0,0.0,0.8361111111111111,0.6852216069572851,0.2,0.0,0.1
203,digits,173,adaptive_entry_combi_anchor,0.9888888888888888,0.9888846871181428,0.988963963963964,0.1772994682063209,0,0,0,0.0,1.0,0.679987254360859,0.2,0.0,0.2
204,digits,173,laser_targeting_lens,0.9888888888888888,0.9888846871181428,0.988963963963964,0.1735416529439662,0,0,0,0.0,1.0,0.679987254360859,0.2,0.0,0.2
205,digits,173,homing_vmax_acceleration,0.9888888888888888,0.9888846871181428,0.988963963963964,0.1765342807502133,0,0,0,0.0,1.0,0.679987254360859,0.2,0.0,0.2
206,digits,173,a0_maintenance_thrust,0.9888888888888888,0.9888846871181428,0.988963963963964,0.1765342807502133,0,0,0,0.0,1.0,0.679987254360859,0.2,0.0,0.2
207,digits,173,dynamic_precision_deceleration,0.9888888888888888,0.9888846871181428,0.988963963963964,0.1736779160028452,0,0,0,0.0,1.0,0.679987254360859,0.2,0.0,0.2
208,digits,173,terminal_micro_guidance,0.9888888888888888,0.9888846871181428,0.988963963963964,0.1736582984554622,0,0,0,0.0,1.0,0.679987254360859,0.2,0.0,0.2
209,digits,173,full_laser_homing_beacon_conduit,0.9888888888888888,0.9888846871181428,0.988963963963964,0.1718581264117234,0,0,0,0.0,1.0,0.679987254360859,0.2,0.0,0.2
